{
  "project_info": {
    "project_number": "296754038057",
    "firebase_url": "https://handy-51898-default-rtdb.firebaseio.com",
    "project_id": "handy-51898",
    "storage_bucket": "handy-51898.appspot.com"
  },
  "client": [
    {
      "client_info": {
        "mobilesdk_app_id": "1:296754038057:android:730283e1ed8590e1cd6338",
        "android_client_info": {
          "package_name": "com.stefproject.handy"
        }
      },
      "oauth_client": [
        {
          "client_id": "296754038057-q74jolq6vhm4n4pej52cec4nu3podduv.apps.googleusercontent.com",
          "client_type": 3
        }
      ],
      "api_key": [
        {
          "current_key": "AIzaSyBaHamhUr0dF-BapTyAUBmxliK_Z9YArI4"
        }
      ],
      "services": {
        "appinvite_service": {
          "other_platform_oauth_client": [
            {
              "client_id": "296754038057-980jqe74a62dcm7dbjrc7a4uuvci1dd4.apps.googleusercontent.com",
              "client_type": 3
            },
            {
              "client_id": "296754038057-7kvmsk45iqhu32lfihlijlt9oq464tv9.apps.googleusercontent.com",
              "client_type": 2,
              "ios_info": {
                "bundle_id": "com.stefproject.handy"
              }
            }
          ]
        }
      }
    }
  ],
  "configuration_version": "1"
}